/* Datos olimpiadas */
Insert Into o.olimpiada values('Pekin',2008,'Verano','Li Ning','Beibei,Jingjing,Huanhuan,Yingying,Nini','Un pez azul,un panda,
una antorcha roja,un antílope tibetano,una golondrina verde'); 
Insert Into o.olimpiada values('Atenas',2004,'Verano','Nikolaos Kaklamanakis','Athena,Phevos','Dos niños inspirados en dos
 muñecos de la antigua Grecia'); 
Insert Into o.olimpiada values('Sidney',2000,'Verano','Cathy Freeman','Olly,Sid,Millie','Una cucaburra,un ornitorrinco,
un equidna'); 
Insert Into o.olimpiada values('Atlanta',1996,'Verano','Muhammad Ali','Izzy','Una mezcla de diversas figuras'); 
Insert Into o.olimpiada values('Seúl',1988,'Verano',' Sohn Mi-Chung','Hodori,Hosuni','Dos tigres'); 
Insert Into o.olimpiada values('Los Angeles',1984,'Verano','Rafer Johnson','Sam','Aguila Calva'); 
Insert Into o.olimpiada values('Munich',1972,'Verano','Günter Zahn','Waldi','Perro dachshund muy representativo de Baviera'); 
Insert Into o.olimpiada values('Montreal',1976,'Verano','Sandra Henderson','Amik','Un castor,simbolo de Canada'); 
Insert Into o.olimpiada values('Barcelona',1992,'Verano','Michelle Platini','Cobi','Perro Humanizado, muy popular'); 
Insert Into o.olimpiada values('Vancouver',2010,'Invierno','Wayne Gretzky','Miga,Quatchi,Sumi','Un pequeño oso marino,un sasquatch,una mezcla 
del thunderbird y  oso negro)'); 
Insert Into o.olimpiada values('Turin',2006,'Invierno','Stefania Belmondo','Neve,Gliz','Una bola de nieve humanizada,y un cubo de hielo'); 
Insert Into o.olimpiada values('Salt Lake City',2002,'Invierno','Seleccion de Hockey de EEUU','Powder,Copper,Coal','Conejo de las nieves,coyote,oso pardo'); 
Insert Into o.olimpiada values('Nagano',1998,'Invierno','Midori Ito','Sukki,Nokki,Lekki,Tsukki','4 Crias de Buho'); 
Insert Into o.olimpiada values('Lillehammer',1994,'Invierno','Príncipe Haakon','Haakon,Kristin','Dos niños vestidos
 con trajes típicos noruegos'); 
 Insert Into o.olimpiada values('Londres',2012,'Verano','7 jóvenes promesas del deporte británico','Wenlock y Mandeville','Wenlock es un muñeco de 
 metal con líneas naranjas y Mandeville es también de metal pero con líneas azules y fucsias');


Insert Into o.deporte values('Badminton','Federación Mundial de Bádminton Olimpico','Olimpico','Verano'); 
Insert Into o.deporte values('Baloncesto','Federacion Internacional de Baloncesto','Olimpico','Verano'); 
Insert Into o.deporte values('Esgrima','Federación Internacional de Esgrima','Olimpico','Verano'); 
Insert Into o.deporte values('Ciclismo','Union Ciclista','Olimpico','Verano'); 
Insert Into o.deporte values('Gimnasia','Federacion Internacional de Gimnasia','Olimpico','Verano'); 
Insert Into o.deporte values('Hockey','Federacion Internacional de Hockey','Olimpico','Verano'); 
Insert Into o.deporte values('Judo','Federacion Internacional de Judo','Olimpico','Verano'); 
Insert Into o.deporte values('Lucha','Federacion Internacional de Luchas Asociadas','Olimpico','Verano'); 
Insert Into o.deporte values('Natacion','Federación Internacional de Natación','Olimpico','Verano'); 
Insert Into o.deporte values('Remo','International Federation of Rowing Associations','Olimpico','Verano'); 
Insert Into o.deporte values('Taekwondo','World Taekwondo Federation','Olimpico','Verano'); 
Insert Into o.deporte values('Boxeo','Federacion Internacional de Boxeo','Olimpico','Verano'); 
Insert Into o.deporte values('Futbol','Federación Internacional de Fútbol Asociación','Olimpico','Verano'); 
Insert Into o.deporte values('Tenis','Federación Internacional de Tenis','Olimpico','Verano'); 
Insert Into o.deporte values('Atletismo','Federación Internacional de Atletismo','Olimpico','Verano'); 
Insert Into o.deporte values('Balonmano','Federación Internacional de Balonmano','Olimpico','Verano'); 
Insert Into o.deporte values('Softbol','Federación Internacional de Softbol','Olimpico','Verano'); 
Insert Into o.deporte values('Luge','Federación Internacional de Luge','Olimpico','Invierno'); 
Insert Into o.deporte values('Curling','Federación mundial de Curling','Olimpico','Invierno'); 
Insert Into o.deporte values('Esquí','Federacion Internacional de Esquí','Olimpico','Invierno'); 
Insert Into o.deporte values('Tiro','Federacion Internacional de Tiro Deportivo','Olimpico','Verano'); 
Insert Into o.deporte values('Equitacion','Federación Ecuestre Internacional','Olimpico','Verano'); 
Insert Into o.deporte values('Halterofilia','Federación Internacional de Halterofilia','Olimpico','Verano'); 
Insert Into o.deporte values('Vela','Federación Internacional de Vela','Olimpico','Verano'); 

Insert Into o.disciplina values('Hockey sobre hielo','Mixto','Hockey');
Insert into o.disciplina values('Esgrima','Mixto','Esgrima');
Insert into o.disciplina values('Halterofilia','Mixto','Halterofilia');
Insert into o.disciplina values('Ciclismo','Mixto','Ciclismo');
Insert into o.disciplina values('Natacion Estilo Libre','Mixto','Natacion');
Insert into o.disciplina values('Natacion Estilo Mariposa','Mixto','Natacion');
Insert into o.disciplina values('Natacion Estilo Espalda','Mixto','Natacion');
Insert into o.disciplina values('Natacion Estilo Brazada','Mixto','Natacion');
Insert into o.disciplina values('Lucha Libre','Mixto','Lucha');
Insert into o.disciplina values('Boxeo','Mixto','Boxeo');
Insert into o.disciplina values('Gimnasia Artistica','Mixto','Gimnasia');
Insert into o.disciplina values('Tenis','Mixto','Tenis');
Insert into o.disciplina values('Esquí de Campo Cruzado','Mixto','Esquí');
Insert into o.disciplina values('Equitacion','Mixto','Equitacion');
Insert into o.disciplina values('Luge','Mixto','Luge');
Insert into o.disciplina values('Curling','Mixto','Curling');
Insert into o.disciplina values('Water Polo','Mixto','Natacion');
Insert into o.disciplina values('Taekwondo','Mixto','Taekwondo');
Insert into o.disciplina values('Judo','Mixto','Judo');
Insert into o.disciplina values('Badminton','Mixto','Badminton');
Insert into o.disciplina values('Remo','Mixto','Remo');
Insert into o.disciplina values('Baloncesto','Mixto','Baloncesto');
Insert into o.disciplina values('Vela','Mixto','Vela');
Insert into o.disciplina values('Futbol Sala','Mixto','Futbol');
Insert into o.disciplina values('Softbol','Mixto','Softbol');
Insert into o.disciplina values('Futbol Campo','Mixto','Futbol');
Insert into o.disciplina values('Lucha Grecorromana','Mixto','Lucha');
Insert into o.disciplina values('Atletismo de Relevo','Mixto','Atletismo');
Insert into o.disciplina values('Atletismo de Salto','Mixto','Atletismo');
Insert into o.disciplina values('Atletismo de Carrera','Mixto','Atletismo');
Insert into o.disciplina values('Atletismo de Velocidad','Mixto','Atletismo');
Insert into o.disciplina values('Atletismo con Obstáculos','Mixto','Atletismo');
Insert into o.disciplina values('Gimnasia','Mixto','Gimnasia');



Insert Into o.atleta values('Evgeniya Radanova','Bulgaria','F');
Insert Into o.atleta values('José Peña','Venezuela','M');
Insert Into o.atleta values('Anna Orlova','Latvia','F');
Insert Into o.atleta values('Marco Buchel', 'Liechtenstein', 'M');
Insert Into o.atleta values('Zoran Primorac','Croacia','M');
Insert Into o.atleta values('Jean-Michel Saive','Belgica','M');
Insert Into o.atleta values('Joao N Tyamba','Angola','M');
Insert Into o.atleta values('Anky van Grunsven','Holanda','M');
Insert Into o.atleta values('Juan Esteban Curuchet','Argentina','M');
Insert Into o.atleta values('Maria Mutola','Mozambique','F');
Insert Into o.atleta values('Albert Bravo','Venezuela','M');
Insert Into o.atleta values('Alejandra Benitez','Venezuela','F');
Insert Into o.atleta values('Andreina Pinto','Venezuela','F');
Insert Into o.atleta values('Angel Pulgar','Venezuela','M');
Insert Into o.atleta values('Angie Gonzales','Venezuela','F');
Insert Into o.atleta values('Arlene Semeco','Venezuela','F');
Insert Into o.atleta values('Carlos Linares','Venezuela','M');
Insert Into o.atleta values('Cesar Marcano','Venezuela','M');
Insert Into o.atleta values('Daniel Flores','Venezuela','M');
Insert Into o.atleta values('Daniela Larreal','Venezuela','F');
Insert Into o.atleta values('Eduard Villanueva','Venezuela','M');
Insert Into o.atleta values('Erwin Carballo','Venezuela','M');
Insert Into o.atleta values('Fabiola Ramos','Venezuela','F');
Insert Into o.atleta values('Gabriel Maestre','Venezuela','M');
Insert Into o.atleta values('Geovanna Blanco','Venezuela','F');
Insert Into o.atleta values('Hernan Jansen','Venezuela','M');
Insert Into o.atleta values('Javier Guedez','Venezuela','M');
Insert Into o.atleta values('Jessica Lopez','Venezuela','F');
Insert Into o.atleta values('Jose Diaz','Venezuela','M');
Insert Into o.atleta values('Andrus Veerpalu','Estonia','M');
Insert Into o.atleta values('Angelo Mazzoni','Italia','M');
Insert Into o.atleta values('Manuel Estiarte','España','M');
Insert Into o.atleta values('Kyra Kyrklund','Finlandia','F');
Insert Into o.atleta values('Juha Hirvi','Finlandia','M');
Insert Into o.atleta values('Tanyu Kiryakov','Bulgaria','M');
Insert Into o.atleta values('Ludger Beerbaum','Alemania','M');
Insert into o.atleta values('Werner Hoeger','Venezuela','M');
Insert into o.atleta values('Dalia Contreras','Venezuela','F');
Insert into o.atleta values('Israel Rubio','Venezuela','M');
Insert into o.atleta values('Julio Leon','Venezuela','M');
Insert into o.atleta values('Francisco Rodriguez','Venezuela','M');
Insert into o.atleta values('Milángela Rosales','Venezuela','F');
Insert into o.atleta values('Karla Magliocco','Venezuela','F');
Insert into o.atleta values('Adriana Carmona','Venezuela','F');
Insert into o.atleta values('Arlindo Gouveia','Venezuela','M');
Insert into o.atleta values('Pedro Gamarro','Venezuela','M');
Insert into o.atleta values('Rafael Vidal','Venezuela','M');

Insert into o.categoria_disciplina values('Natacion Estilo Libre','50m');
Insert into o.categoria_disciplina values('Ciclismo','Pista');
Insert into o.categoria_disciplina values('Halterofilia','62kg');
Insert into o.categoria_disciplina values('Esgrima','Sable');
Insert into o.categoria_disciplina values('Esgrima','Florete');
Insert into o.categoria_disciplina values('Esgrima','Espada');
Insert into o.categoria_disciplina values('Tenis','Mesa');
Insert into o.categoria_disciplina values('Boxeo','Boxeo');
Insert into o.categoria_disciplina values('Luge','Luge');
Insert into o.categoria_disciplina values('Natacion Estilo Libre','100m');
Insert into o.categoria_disciplina values('Natacion Estilo Libre','200m');
Insert into o.categoria_disciplina values('Natacion Estilo Libre','400m');
Insert into o.categoria_disciplina values('Natacion Estilo Libre','800m');
Insert into o.categoria_disciplina values('Natacion Estilo Mariposa','50m');
Insert into o.categoria_disciplina values('Natacion Estilo Mariposa','100m');
Insert into o.categoria_disciplina values('Natacion Estilo Mariposa','200m');
Insert into o.categoria_disciplina values('Natacion Estilo Mariposa','400m');
Insert into o.categoria_disciplina values('Natacion Estilo Mariposa','800m');
Insert into o.categoria_disciplina values('Natacion Estilo Espalda','50m');
Insert into o.categoria_disciplina values('Natacion Estilo Espalda','100m');
Insert into o.categoria_disciplina values('Natacion Estilo Espalda','200m');
Insert into o.categoria_disciplina values('Natacion Estilo Espalda','400m');
Insert into o.categoria_disciplina values('Natacion Estilo Espalda','800m');
Insert into o.categoria_disciplina values('Natacion Estilo Brazada','50m');
Insert into o.categoria_disciplina values('Natacion Estilo Brazada','100m');
Insert into o.categoria_disciplina values('Natacion Estilo Brazada','200m');
Insert into o.categoria_disciplina values('Natacion Estilo Brazada','400m');
Insert into o.categoria_disciplina values('Natacion Estilo Brazada','800m');
Insert into o.categoria_disciplina values('Lucha Grecorromana','96kg');
Insert into o.categoria_disciplina values('Lucha Libre','84kg');
Insert into o.categoria_disciplina values('Gimnasia','Gimnasia');
Insert into o.categoria_disciplina values('Atletismo de Velocidad','60m');
Insert into o.categoria_disciplina values('Atletismo de Velocidad','100m');
Insert into o.categoria_disciplina values('Atletismo de Velocidad','200m');
Insert into o.categoria_disciplina values('Atletismo de Velocidad','400m');
Insert into o.categoria_disciplina values('Atletismo de Relevo','4 * 100m');
Insert into o.categoria_disciplina values('Atletismo de Relevo','4 * 400m');
Insert into o.categoria_disciplina values('Atletismo de Salto','60m vallas');
Insert into o.categoria_disciplina values('Atletismo de Salto','100m vallas');
Insert into o.categoria_disciplina values('Atletismo de Salto','110m vallas');
Insert into o.categoria_disciplina values('Atletismo de Salto','400m vallas');
Insert into o.categoria_disciplina values('Atletismo de Salto','3000m obstaculos');
Insert into o.categoria_disciplina values('Taekwondo','48kg');
Insert into o.categoria_disciplina values('Taekwondo','67kg');
Insert into o.categoria_disciplina values('Judo','60kg');
Insert into o.categoria_disciplina values('Judo','78kg');
Insert into o.categoria_disciplina values('Vela','Vela');
Insert into o.categoria_disciplina values('Vela','62kg');
Insert into o.categoria_disciplina values('Atletismo de Velocidad','1500m planos');
Insert into o.categoria_disciplina values('Atletismo de Carrera','20km');
Insert into o.categoria_disciplina values('Atletismo con Obstáculos','3000m');

Insert into o.hecho_anecdotico values(2004,'Israel Rubio hizo historia al convertirse en el primer venezolano en obtener una medalla olímpica
 después de 20 años');
Insert into o.hecho_anecdotico values(1998,'Iginia Boccalandro primera venezolana en participar en Juegos Olímpicos de invierno');
Insert into o.hecho_anecdotico values(2008,'Venezuela, unico pais que duplica el numero de atletas con respecto a la pasada olimpiada');
Insert into o.hecho_anecdotico values(1984,'Gabriela Andersen concluyó la prueba de Maratón deshidratada y con la mitad de su cuerpo paralizado 
por calambres');
Insert into o.hecho_anecdotico values(1972,'El grupo terrorista palestino Septiembre Negro asesinó a 11 deportistas israelíes en la Villa 
Olímpica');
Insert into o.hecho_anecdotico values(2008,'La ceremonia de apertura está programada para empezar a las 08:08pm con 08 segundos.
El 8 es asociado con la prosperidad');
Insert into o.hecho_anecdotico values(2008,'A un año de la inauguracion de los Juegos de Pekin 2008, se realizan experimentos para 
evitar lluvias'); 
Insert into o.hecho_anecdotico values(2008,'Unicos Juegos Olímpicos en los que el COI ha dado la licencia oficial para hacer un videojuego'); 
Insert into o.hecho_anecdotico values(1996,'Una bomba en los exteriores del Estadio Olímpico estalló, causando la muerte de 2 personas y 
cientos de heridos'); 
Insert into o.hecho_anecdotico values(2012,'El Metro de Londres,fue modificado en todas sus estaciones para llevar nombres de  medallistas olímpicos'); 
Insert into o.hecho_anecdotico values(2012,'La Reina Isabel II planta un arbol como apoyo al medio ambiente'); 
Insert into o.hecho_anecdotico values(2012,'La ceremonia de clausura contara con eventos y espactaculos en 3D'); 
Insert into o.hecho_anecdotico values(2012,'La nieta de la reina Isabel II, Zara Phillips formará parte de la delegacion britanica y competirá en equitación'); 
Insert into o.hecho_anecdotico values(2012,'Las Mascotas,Wenlock y Mandeville, portan el simbolo de los taxis londinenses en la cabeza'); 
Insert into o.hecho_anecdotico values(2010,'El campeón de luge David Möller se rompió un diente al morder la medalla de plata que había ganado'); 
Insert into o.hecho_anecdotico values(1992,'La flecha que debia encender el pebetero, durante la inauguracion,jamas entro en el'); 
Insert into o.hecho_anecdotico values(2008,'Se considero besarse como un gesto de secuestro o robo, por lo cual esto estaba prohibido'); 
Insert into o.hecho_anecdotico values(1976,'Shun Fujimoto se rompió la pierna en la competencia por equipos, pero siguio participando para la medalla de oro'); 
Insert into o.hecho_anecdotico values(1976,'Las competencias de baloncesto para mujeres fueron incluidas por primera vez, así como el remo y el balónmano'); 
Insert into o.hecho_anecdotico values(1972,'Fueron los primeros Juegos Olímpicos en adoptar una mascota: Waldi'); 

Insert Into o.es_conformada values('2004','Badminton'); 
Insert Into o.es_conformada values('2008','Badminton'); 
Insert Into o.es_conformada values('2012','Badminton'); 
Insert Into o.es_conformada values('2004','Baloncesto'); 
Insert Into o.es_conformada values('2008','Baloncesto'); 
Insert Into o.es_conformada values('2012','Baloncesto'); 
Insert Into o.es_conformada values('2008','Esgrima'); 
Insert Into o.es_conformada values('2004','Esgrima'); 
Insert Into o.es_conformada values('2008','Ciclismo'); 
Insert Into o.es_conformada values('2004','Ciclismo'); 
Insert Into o.es_conformada values('2008','Gimnasia'); 
Insert Into o.es_conformada values('2004','Gimnasia'); 
Insert Into o.es_conformada values('2008','Hockey'); 
Insert Into o.es_conformada values('2008','Judo'); 
Insert Into o.es_conformada values('2008','Lucha'); 
Insert Into o.es_conformada values('2008','Natacion'); 
Insert Into o.es_conformada values('2008','Remo');
Insert Into o.es_conformada values('2008','Taekwondo'); 
Insert Into o.es_conformada values('2004','Taekwondo'); 
Insert Into o.es_conformada values('2008','Boxeo'); 
Insert Into o.es_conformada values('2008','Futbol'); 
Insert Into o.es_conformada values('2008','Tenis'); 
Insert Into o.es_conformada values('2008','Atletismo'); 
Insert Into o.es_conformada values('2008','Balonmano'); 
Insert Into o.es_conformada values('2008','Softbol'); 
Insert Into o.es_conformada values('2010','Luge');
Insert Into o.es_conformada values('2010','Curling'); 
Insert Into o.es_conformada values('2010','Esquí'); 
Insert Into o.es_conformada values('2008','Vela');
Insert Into o.es_conformada values('2012','Vela'); 


Insert into o.biografia values(7112000,'Medio','Distrito Capital','Educacion Media','Luis Rodriguez','Alejandra Rios','Morochito','Tiene un hermano morocho, 
y el es el menor','1985/01/05','Distrito Capital','Francisco Rodriguez','Venezuela');
Insert into o.biografia values(7112001,'Medio','Trujillo','Educacion Media','Pedro Leon','Maria Guillen',null,null,'1985/02/07','Portuguesa'
,'Julio Leon','Venezuela');
Insert into o.biografia values(7112002,'','Portuguesa','Educacion Media','Carlos Contreras','Elsa Zerlin',null,null,'1988/12/12','Guarico'
,'Dalia Contreras','Venezuela');
Insert into o.biografia values(7112003,'Medio','Guarico','Nivel Medio','Pedro Blanco','Marta Gomez',null,null,'1983/05/13','Guarico'
,'Geovanna Blanco','Venezuela');
Insert into o.biografia values(7112004,'Medio','Monagas','Nivel Medio','Luis Diaz','Luisa Torrealba',null,null,'1980/01/04','Guarico'
,'Jose Diaz','Venezuela');
Insert into o.biografia values(7112005,'Medio','Zulia','Nivel Medio','Jessy Lopez','Carolina Peralta',null,null,'1982/06/18','Zulia'
,'Jessica Lopez','Venezuela');
Insert into o.biografia values(7112007,'Medio','Zulia','Nivel Medio','Israel Rubio','Evelyn de Andrade',null,null,'1984/07/23','Zulia'
,'Israel Rubio','Venezuela');
Insert into o.biografia values(7112008,'Medio','Lara','Nivel Medio','Pedro Guedez','Mariana Colina',null,null,'1987/06/05','Zulia'
,'Javier Guedez','Venezuela');
Insert into o.biografia values(7112009,'Medio','Barquisimeto','Nivel Medio','Peter Hoeger','Valeria Varela',null,null,'1987/01/01','Zulia'
,'Werner Hoeger','Venezuela');
Insert into o.biografia values(7112010,'Medio','Bolivar','Nivel Medio','Ricardo Larreal','Leandra Vera',null,null,'1984/07/26','Bolivar'
,'Daniela Larreal','Venezuela');
Insert into o.biografia values(7112011,'Medio','Valencia','Nivel Medio','Cesar Villanueva','Maria Pacheco',null,null,'1983/01/30','Amazonas'
,'Eduard Villanueva','Venezuela');
Insert into o.biografia values(7112012,'Medio','Madrid','Nivel Medio','Simon Flores','Gabriela Bonaguro',null,null,'1982/02/14','Distrito Capital'
,'Daniel Flores','Venezuela');
Insert into o.biografia values(7112013,'Medio','Sucre','Nivel Medio','Gerson Gonzales','Michelle Trosel',null,null,'1981/12/31','Distrito Capital'
,'Angie Gonzales','Venezuela');
Insert into o.biografia values(7112014,'Medio','Amazonas','Nivel Medio','Carlos Pulgar','Maria Mujica',null,null,'1981/11/24','Distrito Capital'
,'Angel Pulgar','Venezuela');
Insert into o.biografia values(7112015,'Medio','Distrito Capital','Nivel Medio','Andres Pinto','Ana Cuesta',null,null,'1988/12/24','Nueva Esparta'
,'Andreina Pinto','Venezuela');
Insert into o.biografia values(7112016,'Medio','Aragua','Nivel Medio','Robert Semeco','Johanna Pedrero',null,null,'1987/12/15','Nueva Esparta'
,'Arlene Semeco','Venezuela');
Insert into o.biografia values(7112017,'Medio','Aragua','Nivel Medio','Arcadio Jansen','Elena Vegas',null,null,'1986/01/03','Falcon'
,'Hernan Jansen','Venezuela');
Insert into o.biografia values(7112018,'Medio','Guadalajara','Nivel Medio','Fabio Ramos','Yanina Palmas',null,null,'1986/04/05','Falcon'
,'Fabiola Ramos','Venezuela');
Insert into o.biografia values(7112019,'Medio','Distrito Capital','Nivel Medio','Eduin Carballo','Ivonne Casas',null,null,'1987/06/04','Zulia'
,'Erwin Carballo','Venezuela');
Insert into o.biografia values(7112020,'Medio','Zulia','Nivel Medio','Jorge Marcano','Diana Acevedo',null,null,'1988/08/01','Carabobo'
,'Cesar Marcano','Venezuela');
Insert into o.biografia values(7112021,'Medio','Carabobo','Nivel Medio','Alberto Bravo','Emma Jansen',null,null,'1983/07/06','Carabobo'
,'Albert Bravo','Venezuela');

Insert into o.hermano values('Rafael Guedez',7112008); 
Insert into o.hermano values('Luis Guedez',7112008); 
Insert into o.hermano values('Antonio Guedez',7112008); 
Insert into o.hermano values('Arcadio Jansen',7112017); 
Insert into o.hermano values('Herman Jansen',7112017); 
Insert into o.hermano values('Emma Jansen',7112017); 
Insert into o.hermano values('Louis Jansen',7112017); 
Insert into o.hermano values('Ricardo Bravo',7112021); 
Insert into o.hermano values('Antonio Bravo',7112021); 
Insert into o.hermano values('Sebastian Bravo',7112021); 
Insert into o.hermano values('Luis Bravo',7112021); 
Insert into o.hermano values('Carla Marcano',7112020); 
Insert into o.hermano values('Anthony Marcano',7112020); 
Insert into o.hermano values('Arturo Marcano',7112020); 
Insert into o.hermano values('Hector Blanco',7112020); 
Insert into o.hermano values('Francisco Blanco',7112020); 
Insert into o.hermano values('Luisa Blanco',7112003); 
Insert into o.hermano values('Rafael Semeco',7112008); 
Insert into o.hermano values('Catherin Semeco',7112008); 
Insert into o.hermano values('Michelle Semeco',7112016); 

insert into o.practica values('Luge',7112002,'1998/03/01');
insert into o.practica values('Boxeo',7112003,'1998/03/01');
insert into o.practica values('Ciclismo',7112001,'1998/03/01');
insert into o.practica values('Natacion Estilo Mariposa',7112001,'1998/03/01');
insert into o.practica values('Natacion Estilo Libre',7112005,'1998/03/01');
insert into o.practica values('Esgrima',7112001,'1998/03/01');
insert into o.practica values('Atletismo',7112001,'1998/03/01');
insert into o.practica values('Lucha Libre',7112001,'1998/03/01');
insert into o.practica values('Equitacion',7112003,'1998/03/01');
insert into o.practica values('Curling',7112004,'1998/03/01');
insert into o.practica values('Futbol',7112005,'1998/03/01');
insert into o.practica values('Baloncesto',7112013,'1998/03/01');
insert into o.practica values('Taekwondo',7112011,'1998/03/01');
insert into o.practica values('Judo',7112012,'1998/03/01');
insert into o.practica values('Vela',7112001,'1998/03/01');
insert into o.practica values('Tenis',7112007,'1998/03/01');
insert into o.practica values('Lucha Grecorromana',7112001,'1998/03/01');
insert into o.practica values('Remo',7112012,'1998/03/01');
insert into o.practica values('Water Polo',7112018,'1998/03/01');
insert into o.practica values('Badminton',7112020,'1998/03/01');



Insert into o.record_p values(7112008,'Rompio record en Softbol, marca de velocidad de pitcher categoria 5 años'); 
Insert into o.record_p values(7112009,'Gana medalla en ciclismo categoria kids'); 
Insert into o.record_p values(7112010,'Gana el titulo a mas peleas perdidas en menor cantidad de tiempo'); 
Insert into o.record_p values(7112011,'Presenta la rutina de Gimnasia ritmica mas corta y novedosa a sus 7 años'); 
Insert into o.record_p values(7112009,'Gana cinturon de peso pluma en Boxeo, tras vencer a su oponente Ricardo Bebeto'); 
Insert into o.record_p values(7112001,'Gana torneo nacional de atletas del Club Internacional de Venezuela, a sus 10 años'); 
Insert into o.record_p values(7112005,'Gana campeonato regional de tenis de mesa, categoria sub15'); 
Insert into o.record_p values(7112007,'Jugador del partido enfrentando el Carabobo FC en un juego amistoso'); 
Insert into o.record_p values(7112007,'Marca de velocidad de Natacion de estilo libro a los 18 años'); 
Insert into o.record_p values(7112011,'Perteneciente al equipo oficial de Beisbol de la Universidad Simon Bolivar'); 
Insert into o.record_p values(7112012,'Primer deportista venezolano en ganar un campeonato de Vela del Caribe'); 
Insert into o.record_p values(7112001,'Campeon dos veces seguidas de Halterofilia en campeonatos nacionales'); 
Insert into o.record_p values(7112002,'Ganador al premio deportista del año de la Revista el Nacional'); 
Insert into o.record_p values(7112012,'Mas jonrones en una temporada con el equipo de la Universidad de Carabobo'); 
Insert into o.record_p values(7112018,'Promedio de Bateo mas alto de la Universidad de los Andes'); 
Insert into o.record_p values(7112019,'Mayor cantidad de puntos anotados en un partido con el equipo Trotamundos'); 
Insert into o.record_p values(7112020,'Marca de Velocidad en competencias regionales de natacion mariposa'); 
Insert into o.record_p values(7112000,'Ganador del Deportista Joven del Año del Ministerio del Deporte'); 
Insert into o.record_p values(7112007,'Ganador de un certificado para nadar en cualquier parte del mundo, con gastos pagos'); 
Insert into o.record_p values(7112008,'Ganador del Premio de su delegacion, del deportista con mas determinacion'); 


Insert into o.preparativo values('Campeonatos Mundiales',7112002,2012); 
Insert into o.preparativo values('Campeonatos Mundiales',7112003,2012); 
Insert into o.preparativo values('Campeonatos Mundiales',7112004,2012); 
Insert into o.preparativo values('Campeonatos Mundiales',7112005,2012); 
Insert into o.preparativo values('Campeonatos Mundiales',7112007,2012); 
Insert into o.preparativo values('Juegos Centroamericano Caribe',7112007,2012); 
Insert into o.preparativo values('Juegos Centroamericano Caribe',7112008,2012); 
Insert into o.preparativo values('Juegos Centroamericano Caribe',7112009,2012); 
Insert into o.preparativo values('Juegos Centroamericano Caribe',7112010,2012); 
Insert into o.preparativo values('Juegos Centroamericano Caribe',7112002,2012); 
Insert into o.preparativo values('Juegos Centroamericano Caribe',7112011,2012); 

Insert into o.preparativo values('Juegos Panamericanos',7112011,2012); 
Insert into o.preparativo values('Juegos Panamericanos',7112012,2012); 
Insert into o.preparativo values('Juegos Panamericanos',7112013,2012); 
Insert into o.preparativo values('Juegos Panamericanos',7112014,2012); 
Insert into o.preparativo values('Juegos Panamericanos',7112015,2012); 
Insert into o.preparativo values('Juegos Suramericanos',7112016,2012); 
Insert into o.preparativo values('Juegos Suramericanos',7112017,2012); 
Insert into o.preparativo values('Juegos Suramericanos',7112018,2012); 
Insert into o.preparativo values('Juegos Suramericanos',7112019,2012); 
Insert into o.preparativo values('Juegos Suramericanos',7112020,2012); 

insert into o.participa values('Anna Orlova','Latvia',2010,'Luge','Luge','N',null,'Delegacion de la Republica de Latvia 2010');
insert into o.participa values('Zoran Primorac','Croacia',2004,'Ciclismo','Pista','N',null,'Delegacion de Croacia 2004');
insert into o.participa values('Zoran Primorac','Croacia',2008,'Ciclismo','Pista','N',null,'Delegacion de Croacia 2008');
insert into o.participa values('Zoran Primorac','Croacia',1988,'Ciclismo','Pista','N',null,'Delegacion de Croacia 1988');
insert into o.participa values('Zoran Primorac','Croacia',1992,'Ciclismo','Pista','N',null,'Delegacion de Croacia 1992');
insert into o.participa values('Zoran Primorac','Croacia',1996,'Ciclismo','Pista','N',null,'Delegacion de Croacia 1996');
insert into o.participa values('Zoran Primorac','Croacia',2000,'Ciclismo','Pista','N',null,'Delegacion de Croacia 2000');
insert into o.participa values('Marco Buchel','Liechtenstein',2004,'Ciclismo','Pista','N',null,'Delegacion de Liechtenstein 2004');
insert into o.participa values('Marco Buchel','Liechtenstein',1988,'Ciclismo','Pista','N',null,'Delegacion de Liechtenstein 1988');
insert into o.participa values('Marco Buchel','Liechtenstein',1992,'Ciclismo','Pista','N',null,'Delegacion de Liechtenstein 1992');
insert into o.participa values('Jean-Michel Saive','Belgica',2004,'Ciclismo','Pista','N',null,'Delegacion de Belgica 2004');
insert into o.participa values('Joao N Tyamba','Angola',2004,'Ciclismo','Pista','N',null,'Delegacion de Angola 2004');
insert into o.participa values('Anky van Grunsven','Holanda',2004,'Ciclismo','Pista','N',null,'Delegacion de Holanda 2004');
insert into o.participa values('Juan Esteban Curuchet','Argentina',2004,'Ciclismo','Pista','N',null,'Delegacion de Argentina 2004');
insert into o.participa values('Maria Mutola','Mozambique',2004,'Ciclismo','Pista','N',null,'Delegacion de Mozambique 2004');
insert into o.participa values('Evgeniya Radanova','Bulgaria',2004,'Ciclismo','Pista','N',null,'Delegacion de Bulgaria 2004');
insert into o.participa values('Evgeniya Radanova','Bulgaria',2008,'Ciclismo','Pista','N',null,'Delegacion de Bulgaria 2008');
insert into o.participa values('Evgeniya Radanova','Bulgaria',2000,'Ciclismo','Pista','N',null,'Delegacion de Bulgaria 2000');
insert into o.participa values('Evgeniya Radanova','Bulgaria',1988,'Ciclismo','Pista','N',null,'Delegacion de Bulgaria 1988');
insert into o.participa values('Evgeniya Radanova','Bulgaria',1992,'Ciclismo','Pista','N',null,'Delegacion de Bulgaria 1992');
insert into o.participa values('Evgeniya Radanova','Bulgaria',1996,'Ciclismo','Pista','N',null,'Delegacion de Bulgaria 1996');
insert into o.participa values('Rafael Vidal','Venezuela',1984,'Natacion Estilo Mariposa','200m','N','Medalla de Bronce','Delegacion de Venezuela 1984');
insert into o.participa values('Pedro Gamarro','Venezuela',1976,'Boxeo','Boxeo','N','Medalla de Plata','Delegacion de Venezuela 1976');
insert into o.participa values('Arlindo Gouveia','Venezuela',1992,'Taekwondo','67kg','N','Medalla de Oro','Delegacion de Venezuela 1992');
insert into o.participa values('Dalia Contreras','Venezuela',2008,'Judo','60kg','N','Medalla de Bronce','Delegacion de Venezuela 2008');
insert into o.participa values('Israel Rubio','Venezuela',2004,'Halterofilia','62kg','N','Medalla de Bronce','Delegacion de Venezuela 2004');
insert into o.participa values('Werner Hoeger','Venezuela',2006,'Luge','Luge','N',null,'Delegacion de Venezuela 2006');
insert into o.participa values('Adriana Carmona','Venezuela',2004,'Taekwondo','67kg','N','Medalla de Bronce','Delegacion de Venezuela 2004');
insert into o.participa values('Eduard Villanueva','Venezuela',2012,'Atletismo de Velocidad','1500m planos','N',null,'Delegacion de Venezuela 2012');
insert into o.participa values('Milángela Rosales','Venezuela',2012,'Atletismo de Carrera','20km','N',null,'Delegacion de Venezuela 2012');
insert into o.participa values('José Peña','Venezuela',2012,'Atletismo con Obstáculos','3000m','N',null,'Delegacion de Venezuela 2012');
insert into o.participa values('Arlene Semeco','Venezuela',2012,'Natacion Estilo Libre','50m','N',null,'Delegacion de Venezuela 2012');
insert into o.participa values('Erwin Carballo','Venezuela',2012,'Lucha Grecorromana','96kg','N',null,'Delegacion de Venezuela 2012');
insert into o.participa values('Hernan Jansen','Venezuela',2012,'Esgrima','Sable','N',null,'Delegacion de Venezuela 2012');
insert into o.participa values('Cesar Marcano','Venezuela',2012,'Ciclismo','Pista','N',null,'Delegacion de Venezuela 2012');
insert into o.participa values('Albert Bravo','Venezuela',2012,'Atletismo de Relevo','4 * 400m','N',null,'Delegacion de Venezuela 2012');
insert into o.participa values('Javier Guedez','Venezuela',2012,'Judo','60kg','N',null,'Delegacion de Venezuela 2012');
insert into o.participa values('Jessica Lopez','Venezuela',2012,'Gimnasia','Gimnasia','N',null,'Delegacion de Venezuela 2012');
insert into o.participa values('Geovanna Blanco','Venezuela',2012,'Judo','78kg','N',null,'Delegacion de Venezuela 2012');
insert into o.participa values('Jose Diaz','Venezuela',2012,'Lucha Libre','84kg','N',null,'Delegacion de Venezuela 2012');
insert into o.participa values('Fabiola Ramos','Venezuela',2012,'Tenis','Mesa','S',null,'Delegacion de Venezuela 2012');
insert into o.participa values('Andreina Pinto','Venezuela',2012,'Natacion Estilo Libre','800m','N',null,'Delegacion de Venezuela 2012');
insert into o.participa values('Angel Pulgar','Venezuela',2012,'Boxeo','Boxeo','N',null,'Delegacion de Venezuela 2012');
insert into o.participa values('Daniel Flores','Venezuela',2012,'Vela','Vela','N',null,'Delegacion de Venezuela 2012');
insert into o.participa values('Alejandra Benitez','Venezuela',2012,'Esgrima','Sable','N',null,'Delegacion de Venezuela 2012');
insert into o.participa values('Angie Gonzales','Venezuela',2012,'Boxeo','Boxeo','N',null,'Delegacion de Venezuela 2012');
insert into o.participa values('Karla Magliocco','Venezuela',2012,'Boxeo','Boxeo','N',null,'Delegacion de Venezuela 2012');
insert into o.participa values('Daniela Larreal','Venezuela',2012,'Boxeo','Boxeo','N',null,'Delegacion de Venezuela 2012');


Insert into o.record_a values('Dalia Contreras',2008,'Venezuela','Patada mas veloz de Taekwondo','Judo','60kg');
Insert into o.record_a values('Dalia Contreras',2008,'Venezuela','Golpe mas fuerte de Taekwondo','Judo','60kg');
Insert into o.record_a values('Dalia Contreras',2008,'Venezuela','Combate mas rapido de la Olimpiada','Judo','60kg');
Insert into o.record_a values('Dalia Contreras',2008,'Venezuela','Combate mas lento de la Olimpiada','Judo','60kg');
Insert into o.record_a values('Dalia Contreras',2008,'Venezuela','Combate mas parejo de la Competencia','Judo','60kg');
Insert into o.record_a values('Israel Rubio',2004,'Venezuela','Cantidad levantada mas grande en la primera ronda','Halterofilia','62kg');
Insert into o.record_a values('Israel Rubio',2004,'Venezuela','Cantidad levantada mas grande en la segunda ronda','Halterofilia','62kg');
Insert into o.record_a values('Israel Rubio',2004,'Venezuela','Cantidad levantada mas grande en la tercera ronda','Halterofilia','62kg');
Insert into o.record_a values('Israel Rubio',2004,'Venezuela','Cantidad levantada mas grande en la cuarta ronda','Halterofilia','62kg');
Insert into o.record_a values('Israel Rubio',2004,'Venezuela','Primer deportista Venezolano en ganar tras 20 años','Halterofilia','62kg');
Insert into o.record_a values('Rafael Vidal',1984,'Venezuela','Tiempo mas rapido de nado para Venezuela','Natacion Estilo Mariposa','200m');
Insert into o.record_a values('Rafael Vidal',1984,'Venezuela','Primera medalla en Nado tras 20 años','Natacion Estilo Mariposa','200m');
Insert into o.record_a values('Rafael Vidal',1984,'Venezuela','Tiempo mas rapido de nado en latinoamerica','Natacion Estilo Mariposa','200m');
Insert into o.record_a values('Rafael Vidal',1984,'Venezuela','Tiempo mas rapido de Nado en Suramerica','Natacion Estilo Mariposa','200m');
Insert into o.record_a values('Rafael Vidal',1984,'Venezuela','Salida mas rapida en latinoamerica','Natacion Estilo Mariposa','200m');
Insert into o.record_a values('Adriana Carmona',2004,'Venezuela','Patada mas veloz de Taekwondo','Taekwondo','67kg');
Insert into o.record_a values('Adriana Carmona',2004,'Venezuela','Golpe mas fuerte de Taekwondo','Taekwondo','67kg');
Insert into o.record_a values('Adriana Carmona',2004,'Venezuela','Combate mas rapido de la Olimpiada','Taekwondo','67kg');
Insert into o.record_a values('Adriana Carmona',2004,'Venezuela','Combate mas lento de la Olimpiada','Taekwondo','67kg');
Insert into o.record_a values('Adriana Carmona',2004,'Venezuela','Combate mas parejo de la Competencia','Taekwondo','67kg');

Insert into o.entrenador values('Ender Bello',2012,7112015,'Juegos Panamericanos'); 
Insert into o.entrenador values('Axel Guerra',2012,7112016,'Juegos Suramericanos'); 
Insert into o.entrenador values('Anibal Ramos',2012,7112017,'Juegos Suramericanos'); 
Insert into o.entrenador values('Ender Bello',2012,7112019,'Juegos Suramericanos');
Insert into o.entrenador values('Pedro Bello',2012,7112016,'Juegos Suramericanos'); 
Insert into o.entrenador values('Pedro Silva',2012,7112011,'Juegos Panamericanos'); 
Insert into o.entrenador values('Juan Marquez',2012,7112002,'Campeonatos Mundiales'); 
Insert into o.entrenador values('Noe Carrasco',2012,7112005,'Campeonatos Mundiales'); 
Insert into o.entrenador values('Freddy Tellez',2012,7112007,'Campeonatos Mundiales'); 
Insert into o.entrenador values('Miguel Ortola',2012,7112004,'Campeonatos Mundiales'); 
Insert into o.entrenador values('Michael Garcia',2012,7112002,'Campeonatos Mundiales'); 
Insert into o.entrenador values('Andreina Veguett',2012,7112016,'Juegos Suramericanos'); 
Insert into o.entrenador values('Hugo Rodriguez',2012,7112011,'Juegos Centroamericano Caribe'); 
Insert into o.entrenador values('Simon Urdaneta',2012,7112018,'Juegos Suramericanos'); 
Insert into o.entrenador values('Fabiana Guerra',2012,7112007,'Campeonatos Mundiales'); 
Insert into o.entrenador values('Alexis Sanchez',2012,7112016,'Juegos Suramericanos'); 
Insert into o.entrenador values('Rafael Bello',2012,7112019,'Juegos Suramericanos'); 
Insert into o.entrenador values('Alexis Sanchez',2012,7112010,'Juegos Centroamericano Caribe'); 
Insert into o.entrenador values('Henrique Proupin',2012,7112018,'Juegos Suramericanos'); 
Insert into o.entrenador values('Pedro Grippi',2012,7112013,'Juegos Panamericanos'); 

insert into o.torneo_ganado values('Torneo de Ciclismo',7112002,'1998/01/01');
insert into o.torneo_ganado values('Torneo de Ciclismo',7112020,'1998/01/02');
insert into o.torneo_ganado values('Torneo de Ciclismo',7112020,'1998/01/03');
insert into o.torneo_ganado values('Torneo de Ciclismo',7112014,'1998/01/04');
insert into o.torneo_ganado values('Torneo de Ciclismo',7112013,'1998/01/05');
insert into o.torneo_ganado values('Torneo de Ciclismo',7112012,'1998/01/06');
insert into o.torneo_ganado values('Torneo de Ciclismo',7112020,'1998/01/07');
insert into o.torneo_ganado values('Torneo de Ciclismo',7112001,'1998/01/08');
insert into o.torneo_ganado values('Torneo de Ciclismo',7112002,'1998/01/09');
insert into o.torneo_ganado values('Torneo de Ciclismo',7112014,'1998/01/10');
insert into o.torneo_ganado values('Torneo de Ciclismo',7112012,'1998/01/11');
insert into o.torneo_ganado values('Torneo de Ciclismo',7112015,'1998/01/12');
insert into o.torneo_ganado values('Torneo de Ciclismo',7112018,'1998/01/13');
insert into o.torneo_ganado values('Torneo de Ciclismo',7112017,'1998/01/14');
insert into o.torneo_ganado values('Torneo de Ciclismo',7112011,'1998/01/15');
insert into o.torneo_ganado values('Torneo de Ciclismo',7112020,'1998/01/16');
insert into o.torneo_ganado values('Torneo de Ciclismo',7112004,'1998/01/17');
insert into o.torneo_ganado values('Torneo de Ciclismo',7112005,'1998/01/18');
insert into o.torneo_ganado values('Torneo de Ciclismo',7112003,'1998/01/19');
insert into o.torneo_ganado values('Torneo de Ciclismo',7112001,'1998/01/20');

insert into o.medalla_a values('Dalia Contreras','Venezuela',2008,'Bronce','Judo','60kg');
insert into o.medalla_a values('Israel Rubio','Venezuela',2004,'Bronce','Halterofilia','62kg');
insert into o.medalla_a values('Adriana Carmona','Venezuela',2004,'Bronce','Taekwondo','67kg');
insert into o.medalla_a values('Arlindo Gouveia','Venezuela',1992,'Oro','Taekwondo','67kg');
insert into o.medalla_a values('Pedro Gamarro','Venezuela',1976,'Plata','Boxeo','Boxeo');
insert into o.medalla_a values('Rafael Vidal','Venezuela',1984,'Bronce','Natacion Estilo Mariposa','200m');
insert into o.medalla_a values('Evgeniya Radanova','Bulgaria',1988,'Plata','Ciclismo','Pista');
insert into o.medalla_a values('Evgeniya Radanova','Bulgaria',1992,'Plata','Ciclismo','Pista');
insert into o.medalla_a values('Evgeniya Radanova','Bulgaria',1996,'Plata','Ciclismo','Pista');
insert into o.medalla_a values('Evgeniya Radanova','Bulgaria',2000,'Plata','Ciclismo','Pista');
insert into o.medalla_a values('Evgeniya Radanova','Bulgaria',2004,'Bronce','Ciclismo','Pista');
insert into o.medalla_a values('Evgeniya Radanova','Bulgaria',2008,'Plata','Ciclismo','Pista');
insert into o.medalla_a values('Zoran Primorac','Croacia',1988,'Bronce','Ciclismo','Pista');
insert into o.medalla_a values('Zoran Primorac','Croacia',1992,'Bronce','Ciclismo','Pista');
insert into o.medalla_a values('Zoran Primorac','Croacia',1996,'Bronce','Ciclismo','Pista');
insert into o.medalla_a values('Zoran Primorac','Croacia',2000,'Bronce','Ciclismo','Pista');
insert into o.medalla_a values('Zoran Primorac','Croacia',2004,'Bronce','Ciclismo','Pista');
insert into o.medalla_a values('Zoran Primorac','Croacia',2008,'Bronce','Ciclismo','Pista');
insert into o.medalla_a values('Marco Buchel','Liechtenstein',1988,'Bronce','Ciclismo','Pista');
insert into o.medalla_a values('Marco Buchel','Liechtenstein',1992,'Bronce','Ciclismo','Pista');


Insert into o.ronda_de values('Dalia Contreras','Venezuela',2008,'Derrota a su contrincante,la luchadora de Kenya Mildred Alango,por 1 a 0 
en la final','Judo','60kg'); 
Insert into o.ronda_de values('Israel Rubio','Venezuela',2004,'Movido a tercer lugar luego de que su rival no pasara la prueba de dopaje'
,'Halterofilia','62kg'); 
Insert into o.ronda_de values('Adriana Carmona','Venezuela',2004,'Gana Medalla de Bronce luego que superó a la joven brasileña Natalia Silva 7-4'
,'Taekwondo','67kg');
Insert into o.ronda_de values('Adriana Carmona','Venezuela',2004,'Movido a tercer lugar luego de que su rival no pasara la prueba de dopaje'
,'Taekwondo','67kg');
Insert into o.ronda_de values('Adriana Carmona','Venezuela',2004,'Gana en primera ronda a Matsiro Matsui por 5-4','Taekwondo','67kg');
Insert into o.ronda_de values('Adriana Carmona','Venezuela',2004,'Gana la segunda ronda tras enfrentar a la brasileña Aura Maneiro por 1-0'
,'Taekwondo','67kg');
Insert into o.ronda_de values('Adriana Carmona','Venezuela',2004,'Gana la tercera ronda tras enfrentar al coreano Ikiro Kagawa por 3-2',
'Taekwondo','67kg');
Insert into o.ronda_de values('Adriana Carmona','Venezuela',2004,'Pierde contra Lao Tsen en semifinales por 1-0, quedandose con el bronce',
'Taekwondo','67kg');
Insert into o.ronda_de values('Israel Rubio','Venezuela',2004,'Gana en primera ronda tras levantar 100 kilos mas que su oponente','Halterofilia'
,'62kg');
Insert into o.ronda_de values('Israel Rubio','Venezuela',2004,'Gana tras levantar 50 kilos mas que el panameño Pedro Palmas',
'Halterofilia','62kg');
Insert into o.ronda_de values('Israel Rubio','Venezuela',2004,'Es derrotado por el aleman Wolfgang Reus tras levantar 60 Kilos menos',
'Halterofilia','62kg');
Insert into o.ronda_de values('Dalia Contreras','Venezuela',2008,'Gana en primera ronda a Mishiro Shagana por 5-4','Judo','60kg'); 
Insert into o.ronda_de values('Dalia Contreras','Venezuela',2008,'Gana en segunda ronda a Carlos Lopez, el español, por 5-3','Judo','60kg'); 
Insert into o.ronda_de values('Dalia Contreras','Venezuela',2008,'Gana en tercera ronda a Luis Benancio, el hondureño por 2-1','Judo','60kg'); 
Insert into o.ronda_de values('Dalia Contreras','Venezuela',2008,'Es eliminada por Li Kioto, el japones, por 3-1','Judo','60kg'); 
Insert into o.ronda_de values('Werner Hoeger','Venezuela',2006,'Gana en primera etapa de Luge a Canada','Luge','Luge');
Insert into o.ronda_de values('Werner Hoeger','Venezuela',2006,'Gana en segunda etapa de Luge a Gales','Luge','Luge');
Insert into o.ronda_de values('Werner Hoeger','Venezuela',2006,'Gana en tercera etapa de Luge a Brasil','Luge','Luge');
Insert into o.ronda_de values('Werner Hoeger','Venezuela',2006,'Gana en cuarta etapa de Luge a Inglaterra','Luge','Luge');
Insert into o.ronda_de values('Werner Hoeger','Venezuela',2006,'Es eliminado en la quinta etapa de Luge por Irlanda','Luge','Luge');

